City_ID,City,Lat,Lng,Max Temp,Humidity,Cloudiness,Wind Speed,Country,Date
0,fort st. john,56.2499,-120.8529,8.939999999999998,71,100,3.6,CA,1683563363
1,port-aux-francais,-49.35,70.2167,4.760000000000048,82,100,12.83,TF,1683563364
2,blackmans bay,-43.0167,147.3167,9.850000000000023,74,100,5.43,AU,1683563364
3,port elizabeth,-33.918,25.5701,19.620000000000005,91,0,3.6,ZA,1683563365
4,puerto natales,-51.7236,-72.4875,5.25,75,75,2.06,CL,1683563094
5,east london,-33.0153,27.9116,19.52000000000004,82,0,5.14,ZA,1683563365
6,pullman,46.7313,-117.1796,13.170000000000016,74,0,5.66,US,1683563366
7,ushuaia,-54.8,-68.3,10.810000000000002,43,20,3.6,AR,1683563366
8,yellowknife,62.456,-114.3525,10.29000000000002,62,75,2.06,CA,1683563282
9,gizo,-8.103,156.8419,28.060000000000002,79,59,2.16,SB,1683563367
10,chatellerault,46.8,0.5333,18.400000000000034,80,100,3.76,FR,1683563367
11,iqaluit,63.7506,-68.5145,-6.149999999999977,73,20,6.17,CA,1683563368
12,lethem,3.3803,-59.7968,29.379999999999995,66,100,3.57,GY,1683563368
13,paita,-5.0892,-81.1144,26.900000000000034,70,9,5.22,PE,1683563369
14,broome,42.2506,-75.833,19.140000000000043,52,0,5.66,US,1683563369
15,toliara,-23.35,43.6667,24.620000000000005,76,62,3.45,MG,1683563370
16,gadzhiyevo,69.2551,33.3362,1.7200000000000273,85,98,5.34,RU,1683563370
17,adamstown,-25.066,-130.1015,21.470000000000027,58,98,9.15,PN,1683563371
18,aswan,24.0934,32.907,30.640000000000043,15,43,6.59,EG,1683563371
19,cabo san lucas,22.8909,-109.9124,31.450000000000045,39,0,2.06,MX,1683563314
20,conde,-7.2597,-34.9075,29.700000000000045,66,40,6.69,BR,1683563116
21,san antonio de pale,-1.4014,5.6325,28.650000000000034,75,77,4.09,GQ,1683563372
22,puerto ayora,-0.7393,-90.3518,30.980000000000018,92,61,2.24,EC,1683563372
23,waitangi,-43.9535,-176.5597,14.900000000000034,95,100,2.24,NZ,1683563373
24,tiksi,71.6872,128.8694,-16.25999999999999,98,73,3.06,RU,1683563374
25,keflavik,64.0049,-22.5624,11.950000000000045,93,100,5.66,IS,1683563374
26,alcaniz,41.05,-0.1333,26.79000000000002,19,100,8.35,ES,1683563375
27,rio grande,-32.035,-52.0986,22.060000000000002,61,0,6.59,BR,1683563375
28,dudinka,69.4058,86.1778,-0.20999999999997954,88,97,7.39,RU,1683563376
29,vadso,70.0744,29.7487,4.490000000000009,65,75,4.63,NO,1683563376
30,grytviken,-54.2811,-36.5092,1.8500000000000227,83,17,4.47,GS,1683563377
31,ponta delgada,37.7333,-25.6667,18.400000000000034,88,75,3.6,PT,1683563275
32,enewetak,11.3474,162.3373,27.24000000000001,80,98,5.69,MH,1683563377
33,hawaiian paradise park,19.5933,-154.9731,20.730000000000018,93,75,1.54,US,1683563378
34,ilulissat,69.2167,-51.1,0.010000000000047748,86,75,2.57,GL,1683563378
35,isafjordur,66.0755,-23.124,9.020000000000039,76,20,6.17,IS,1683563379
36,sinabang,2.4803,96.3801,25.400000000000034,86,100,1.57,ID,1683563379
37,margaret river,-33.95,115.0667,17.720000000000027,49,95,5.89,AU,1683563380
38,carnarvon,-24.8667,113.6333,23.189999999999998,74,68,3.72,AU,1683563380
39,petropavlovsk-kamchatsky,53.0452,158.6483,2.330000000000041,70,75,1.0,RU,1683563381
40,zavetnoye,47.1194,43.8903,6.75,90,100,6.87,RU,1683563381
41,udachny,66.4167,112.4,-3.079999999999984,45,100,8.22,RU,1683563381
42,sunne,59.8376,13.143,17.230000000000018,33,34,3.61,SE,1683563382
43,fale old settlement,-9.3852,-171.2468,28.650000000000034,76,8,5.79,TK,1683563382
44,machico,32.7,-16.7667,26.510000000000048,55,20,8.75,PT,1683563383
45,bel ombre,-4.6167,55.4167,27.910000000000025,78,40,5.66,SC,1683563383
46,atafu village,-8.5421,-172.5159,28.220000000000027,79,21,5.44,TK,1683563384
47,west island,-12.1568,96.8225,26.99000000000001,94,40,2.57,CC,1683563384
48,tazacorte,28.629,-17.9293,23.54000000000002,60,20,8.75,ES,1683563385
49,aasiaat,68.7098,-52.8699,-1.4899999999999523,86,100,5.53,GL,1683563385
50,new norfolk,-42.7826,147.0587,10.510000000000048,71,100,1.79,AU,1683563386
51,fisterra,42.9049,-9.2629,18.900000000000034,94,88,4.72,ES,1683563386
52,bada,51.392,109.8717,6.390000000000043,53,2,0.2,RU,1683563386
53,pisco,-13.7,-76.2167,22.03000000000003,83,75,3.09,PE,1683563387
54,dali,25.7,100.1833,15.740000000000009,51,0,2.52,CN,1683563387
55,ca mau,9.1769,105.15,28.480000000000018,77,98,1.78,VN,1683563387
56,yakutsk,62.0339,129.7331,-6.019999999999982,67,0,3.13,RU,1683563388
57,kodiak,57.79,-152.4072,2.730000000000018,75,100,5.66,US,1683563128
58,pandharpur,17.6667,75.3333,34.39000000000004,34,86,2.33,IN,1683563388
59,nuuk,64.1835,-51.7216,3.340000000000032,81,40,4.12,GL,1683563388
60,mukalla,14.5425,49.1242,29.910000000000025,52,3,1.64,YE,1683563389
61,margate,51.3813,1.3862,14.610000000000014,87,99,6.11,GB,1683563389
62,lata,40.1629,-8.3327,22.730000000000018,42,95,5.4,PT,1683563389
63,bilibino,68.0546,166.4372,-10.129999999999995,97,97,1.26,RU,1683563390
64,edinburgh of the seven seas,-37.0676,-12.3116,14.879999999999995,62,58,4.63,SH,1683563390
65,vorkuta,67.5,64.0,-10.21999999999997,95,89,2.81,RU,1683563390
66,farasan,16.7022,42.1183,29.29000000000002,74,22,4.22,SA,1683563390
67,olonkinbyen,70.9221,-8.7187,1.75,100,100,3.07,SJ,1683563390
68,san patricio,28.017,-97.5169,30.49000000000001,68,57,6.53,US,1683563391
69,bredasdorp,-34.5322,20.0403,15.970000000000027,82,99,2.42,ZA,1683563391
70,duyun,26.2667,107.5167,13.189999999999998,98,100,0.99,CN,1683563391
71,marathon,44.9,-89.7668,11.04000000000002,91,100,4.12,US,1683563391
72,obo,5.3998,26.4869,23.83000000000004,77,92,3.63,CF,1683563392
73,eirunepe,-6.6603,-69.8736,27.170000000000016,89,88,1.79,BR,1683563392
74,huarmey,-10.0681,-78.1522,24.54000000000002,79,87,4.54,PE,1683563392
75,port douglas,-16.4833,145.4667,23.29000000000002,82,62,5.8,AU,1683563392
76,daru,-9.0763,143.2092,26.33000000000004,90,98,6.39,PG,1683563392
77,axim,4.8699,-2.2405,29.689999999999998,68,93,4.16,GH,1683563393
78,saipan,15.1355,145.701,27.390000000000043,100,20,5.66,MP,1683563393
79,albany,42.6001,-73.9662,20.57000000000005,45,13,1.34,US,1683563393
80,invercargill,-46.4,168.35,12.879999999999995,94,95,3.27,NZ,1683563394
81,port mathurin,-19.6833,63.4167,25.970000000000027,74,0,9.85,MU,1683563394
82,wailua homesteads,22.0669,-159.378,22.439999999999998,74,100,7.2,US,1683563394
83,juan griego,11.0817,-63.9655,29.07000000000005,79,98,10.29,VE,1683563395
84,chebba,35.2372,11.115,19.680000000000007,73,100,12.65,TN,1683563395
85,lebu,-37.6167,-73.65,12.379999999999995,60,92,6.02,CL,1683563395
86,kalmunai,7.4167,81.8167,27.150000000000034,76,100,2.9,LK,1683563396
87,dapaong,10.8639,0.205,36.98000000000002,24,99,2.73,TG,1683563396
88,st. john's,47.5649,-52.7093,11.82000000000005,60,75,9.77,CA,1683563291
89,ribeira grande,38.5167,-28.7,17.220000000000027,94,40,3.58,PT,1683563396
90,punta arenas,-53.15,-70.9167,8.010000000000048,70,0,3.6,CL,1683563389
91,souillac,-20.5167,57.5167,25.210000000000036,78,75,7.2,MU,1683563397
92,yokadouma,3.5167,15.05,29.75,56,100,1.09,CM,1683563397
93,tura,25.5198,90.2201,25.850000000000023,30,0,1.94,IN,1683563397
94,talnakh,69.4865,88.3972,-0.4399999999999977,97,100,4.5,RU,1683563398
95,badger,64.8,-147.5333,4.840000000000032,72,75,0.0,US,1683563398
96,tokar,18.4254,37.729,28.650000000000034,48,2,5.17,SD,1683563398
97,susuman,62.7833,148.1667,-2.829999999999984,89,100,1.93,RU,1683563398
98,kavaratti,10.5669,72.642,29.420000000000016,59,34,4.68,IN,1683563399
99,chonchi,-42.6128,-73.8092,11.180000000000007,76,100,0.15,CL,1683563399
100,sumqayit,40.5897,49.6686,14.04000000000002,71,0,8.63,AZ,1683563399
101,palmer,42.1584,-72.3287,23.02000000000004,36,40,7.2,US,1683563318
102,karratha,-20.7377,116.8463,24.810000000000002,68,57,3.55,AU,1683563399
103,guaruja,-23.9931,-46.2564,28.920000000000016,70,100,3.13,BR,1683563173
104,utrik,11.2278,169.8474,26.980000000000018,82,99,7.54,MH,1683563400
105,catemaco,18.4167,-95.1167,32.56,48,3,2.24,MX,1683563401
106,mejit,10.2753,170.8646,27.460000000000036,81,100,5.77,MH,1683563403
107,stanley,54.868,-1.6985,15.010000000000048,90,75,2.57,GB,1683563284
108,katima mulilo,-17.5,24.2667,22.150000000000034,29,0,0.63,NA,1683563405
109,sampit,-2.5333,112.95,24.160000000000025,95,100,0.52,ID,1683563407
110,arkhangel'sk,64.5401,40.5433,4.3799999999999955,80,100,2.2,RU,1683563408
111,micheweni,-4.9667,39.8333,25.660000000000025,85,79,5.74,TZ,1683563409
112,waingapu,-9.6567,120.2641,26.260000000000048,84,94,6.64,ID,1683563411
113,colonia,50.9333,6.95,21.27000000000004,68,20,4.12,DE,1683563411
114,belmonte,-15.8631,-38.8828,26.689999999999998,79,19,4.26,BR,1683563415
115,kapa'a,22.0752,-159.319,23.180000000000007,74,100,7.2,US,1683563416
116,adiake,5.2863,-3.304,29.33000000000004,68,91,4.0,CI,1683563417
117,la tuque,47.4334,-72.7824,10.140000000000043,27,55,5.66,CA,1683563417
118,bardai,11.65,7.2333,36.860000000000014,12,90,2.62,NG,1683563418
119,kargopol',61.5071,38.9456,6.930000000000007,69,89,3.59,RU,1683563422
120,bethel,41.3712,-73.414,22.720000000000027,45,0,5.14,US,1683563423
121,nicoya,10.1483,-85.452,33.97000000000003,31,100,3.63,CR,1683563424
122,okha,53.5739,142.9478,-1.2999999999999545,94,99,4.21,RU,1683563424
123,itacare,-14.2775,-38.9967,26.52000000000004,84,27,4.98,BR,1683563425
124,menongue,-14.6585,17.691,22.840000000000032,33,52,2.49,AO,1683563426
125,leh,34.1667,77.5833,0.8700000000000045,76,100,2.18,IN,1683563362
126,avarua,-21.2078,-159.775,25.03000000000003,88,40,4.12,CK,1683563427
127,college,64.8569,-147.8028,5.5,69,75,0.89,US,1683563428
128,san andres,12.5847,-81.7006,31.010000000000048,62,75,4.63,CO,1683563257
129,remire-montjoly,4.9167,-52.2667,31.02000000000004,70,75,8.23,GF,1683563429
130,tabriz,38.08,46.2919,19.700000000000045,22,20,3.09,IR,1683563362
131,tazovsky,67.4667,78.7,-9.659999999999968,96,100,3.18,RU,1683563430
132,papatowai,-46.5619,169.4708,14.160000000000025,88,100,3.53,NZ,1683563431
133,ust-nera,64.5667,143.2,-2.009999999999991,88,98,2.7,RU,1683563431
134,antsiranana,-12.2787,49.2917,25.27000000000004,78,0,5.99,MG,1683563432
135,namibe,-15.1961,12.1522,23.970000000000027,75,93,3.6,AO,1683563432
136,xiaoweizhai,26.1903,107.5125,13.400000000000034,98,100,1.07,CN,1683563438
137,acarau,-2.8856,-40.12,29.53000000000003,71,98,3.36,BR,1683563439
138,jamestown,42.097,-79.2353,18.07000000000005,55,0,2.06,US,1683563238
139,alvaraes,-3.2208,-64.8042,24.930000000000007,66,42,1.37,BR,1683563440
140,iskateley,67.6803,53.1512,-0.15999999999996817,97,100,6.07,RU,1683563440
141,greymouth,-42.4667,171.2,15.870000000000005,93,100,6.88,NZ,1683563440
142,amahai,-3.3333,128.9167,26.470000000000027,86,100,0.76,ID,1683563441
143,ebon,4.582,168.6964,28.390000000000043,80,100,4.8,MH,1683563441
144,biloela,-24.4167,150.5,6.080000000000041,43,15,2.98,AU,1683563441
145,port alfred,-33.5906,26.891,19.54000000000002,89,17,1.34,ZA,1683563442
146,arraial do cabo,-22.9661,-42.0278,26.980000000000018,69,20,7.2,BR,1683563442
147,georgetown,5.4112,100.3354,29.970000000000027,70,20,3.6,MY,1683563246
148,san luis de la loma,17.2706,-100.8939,32.51000000000005,47,0,3.48,MX,1683563442
149,hithadhoo,-0.6,73.0833,28.460000000000036,74,45,5.27,MV,1683563443
150,piterka,50.6803,47.4454,9.970000000000027,40,100,6.29,RU,1683563443
151,manokwari,-0.8667,134.0833,26.400000000000034,80,74,1.09,ID,1683563443
152,bagar,28.1874,75.5005,30.210000000000036,9,0,4.32,IN,1683563444
153,mount pearl,47.5166,-52.7813,11.360000000000014,60,75,9.77,CA,1683563444
154,medicine hat,50.0501,-110.6683,15.120000000000005,67,75,2.06,CA,1683563220
155,polyarnyy,69.1989,33.4478,1.650000000000034,85,97,5.03,RU,1683563445
156,hamilton,39.1834,-84.5333,24.930000000000007,69,0,4.63,US,1683563208
157,melekeok village,7.4957,134.6367,25.310000000000002,94,75,1.54,PW,1683563445
158,redding,40.5865,-122.3917,11.57000000000005,85,100,2.06,US,1683563445
159,suva,-18.1416,178.4415,22.710000000000036,94,75,3.09,FJ,1683563445
160,kirakira,-10.4544,161.9205,26.33000000000004,87,66,2.67,SB,1683563446
161,impfondo,1.6381,18.0667,27.33000000000004,65,89,0.59,CG,1683563446
162,constitucion,-35.3333,-72.4167,18.140000000000043,48,25,3.37,CL,1683563446
163,constantia,44.1833,28.65,10.390000000000043,92,100,5.66,RO,1683563447
164,nalut,30.3333,10.85,31.950000000000045,16,51,12.66,LY,1683563447
165,camacupa,-12.0167,17.4833,19.930000000000007,52,6,0.61,AO,1683563448
166,hakui,36.8833,136.7833,9.82000000000005,88,98,1.65,JP,1683563448
167,gaigeturi,33.4644,126.3183,11.03000000000003,76,0,2.06,KR,1683563448
168,smithers,54.7804,-127.1743,6.180000000000007,70,20,0.0,CA,1683563448
169,hirara,24.8,125.2833,22.920000000000016,83,75,9.26,JP,1683563448
170,lugones,43.4027,-5.8122,19.82000000000005,77,97,2.24,ES,1683563449
171,cobram,-35.9167,145.65,9.04000000000002,88,44,4.92,AU,1683563449
172,selfoss,63.9331,-20.9971,12.25,89,100,2.91,IS,1683563449
173,umm kaddadah,13.6017,26.6876,32.30000000000001,11,8,4.91,SD,1683563449
174,hadibu,12.65,54.0333,29.110000000000014,66,82,2.22,YE,1683563450
175,nova sintra,14.8667,-24.7167,20.25,79,0,9.04,CV,1683563450
176,san pedro pochutla,15.7333,-96.4667,34.84000000000003,48,1,3.38,MX,1683563450
177,san sebastian de la gomera,28.0916,-17.1133,25.200000000000045,60,20,4.63,ES,1683563450
178,qaqortoq,60.7167,-46.0333,2.3799999999999955,83,100,2.32,GL,1683563451
179,lihue,21.9789,-159.3672,22.77000000000004,75,100,7.2,US,1683563451
180,nar'yan-mar,67.6713,53.087,-0.0999999999999659,98,100,6.1,RU,1683563451
181,jutai,-5.1833,-68.9,28.150000000000034,85,72,1.5,BR,1683563451
182,tak bai,6.2595,102.0546,26.99000000000001,87,96,1.85,TH,1683563452
183,oyem,1.5995,11.5793,25.340000000000032,70,95,0.39,GA,1683563452
184,zouerate,22.7187,-12.4521,32.97000000000003,13,0,4.15,MR,1683563452
185,usinsk,65.9939,57.5281,-0.25,95,98,7.21,RU,1683563452
186,whitehorse,60.7161,-135.0538,6.430000000000007,51,20,5.66,CA,1683563453
187,shendi,16.6915,33.4341,35.84000000000003,8,0,5.03,SD,1683563453
188,mandalgovi,45.7625,106.2708,11.950000000000045,19,100,3.43,MN,1683563453
189,mount gambier,-37.8333,140.7667,10.580000000000041,83,92,2.25,AU,1683563453
190,labrador city,52.9463,-66.9114,-0.049999999999954525,55,100,5.14,CA,1683563411
191,kulachi,31.9286,70.4592,28.5,22,0,3.62,PK,1683563454
192,guerrero negro,27.9769,-114.0611,17.890000000000043,65,2,9.06,MX,1683563454
193,korla,41.7597,86.1469,13.0,37,37,2.69,CN,1683563454
194,nagqu,31.5,92.0,-0.17999999999994998,78,100,1.56,CN,1683563455
195,cidreira,-30.1811,-50.2056,21.25,69,90,6.63,BR,1683563455
196,padang,-0.9492,100.3543,25.03000000000003,85,99,1.57,ID,1683563455
197,birjand,32.8663,59.2211,23.260000000000048,8,0,2.06,IR,1683563455
198,benguela,-12.5763,13.4055,26.970000000000027,76,6,2.15,AO,1683563455
199,nizhnesortymskiy,62.4397,71.7603,-1.2899999999999636,75,95,8.27,RU,1683563456
200,thompson,55.7435,-97.8558,18.090000000000032,34,20,1.54,CA,1683563456
201,dahab,28.501,34.5134,26.54000000000002,37,2,2.74,EG,1683563456
202,north bend,43.4065,-124.2243,10.129999999999995,98,100,1.54,US,1683563456
203,morondava,-20.2833,44.2833,25.54000000000002,79,0,4.72,MG,1683563457
204,sitka,57.0531,-135.33,6.939999999999998,76,75,0.0,US,1683563459
205,kolokani,13.5728,-8.0339,35.99000000000001,24,100,6.25,ML,1683563459
206,tarauaca,-8.1614,-70.7656,25.05000000000001,96,89,1.55,BR,1683563459
207,burang,30.25,81.1667,-1.5600000000000023,90,100,3.02,CN,1683563460
208,alofi,-19.0595,-169.9187,20.939999999999998,100,40,0.51,NU,1683563460
209,chegdomyn,51.1167,133.0167,6.53000000000003,78,100,0.78,RU,1683563460
210,san-pedro,4.7485,-6.6363,29.28000000000003,69,72,3.51,CI,1683563461
211,amga,60.8953,131.9608,-5.5,83,99,1.58,RU,1683563462
212,sinop,41.7711,34.8709,8.240000000000009,98,96,1.28,TR,1683563462
213,gibsons,49.3997,-123.5027,14.860000000000014,75,84,1.94,CA,1683563386
214,hermanus,-34.4187,19.2345,17.670000000000016,88,100,1.6,ZA,1683563463
215,borogontsy,62.6683,131.1683,-6.060000000000002,61,7,2.89,RU,1683563464
216,tralee,52.2704,-9.7026,16.140000000000043,82,20,6.17,IE,1683563465
217,afaahiti,-17.75,-149.2833,23.930000000000007,76,98,2.15,PF,1683563465
218,fortuna,40.5982,-124.1573,10.550000000000011,93,100,2.68,US,1683563465
219,sinjai,-5.1241,120.253,24.560000000000002,97,100,1.75,ID,1683563466
220,loiza,18.4313,-65.8802,33.129999999999995,62,40,10.29,PR,1683563467
221,flying fish cove,-10.4217,105.6791,26.82000000000005,89,40,3.6,CX,1683563467
222,sesheke,-17.4759,24.2968,22.200000000000045,29,0,0.63,ZM,1683563467
223,faya-largeau,17.9257,19.1043,34.620000000000005,10,32,5.13,TD,1683563468
224,linda,39.1277,-121.5508,14.060000000000002,71,100,7.2,US,1683563381
225,coquimbo,-29.9533,-71.3436,12.850000000000023,94,100,3.6,CL,1683563470
226,kerikeri,-35.2268,173.9474,19.390000000000043,95,100,3.13,NZ,1683563471
227,lagoa vermelha,-28.2086,-51.5258,18.120000000000005,80,100,3.6,BR,1683563472
228,sharkan,57.2989,53.8712,2.670000000000016,67,74,2.49,RU,1683563472
229,bol'sherech'ye,56.0925,74.6272,11.020000000000039,33,100,3.48,RU,1683563472
230,pelabuhanratu,-6.9875,106.5514,25.970000000000027,89,75,0.65,ID,1683563473
231,laojunmiao,39.8333,97.7333,5.800000000000011,49,100,1.27,CN,1683563473
232,denia,38.8408,0.1057,27.02000000000004,65,82,4.02,ES,1683563345
233,queenstown,-31.8976,26.8753,14.82000000000005,67,35,1.44,ZA,1683563474
234,la sarre,48.8002,-79.1996,11.060000000000002,32,3,4.0,CA,1683563474
235,dareda,-4.2167,35.55,16.390000000000043,88,79,0.88,TZ,1683563475
236,nilanga,18.1,76.7667,30.29000000000002,50,60,6.45,IN,1683563475
237,tolanaro,-25.0319,46.9987,25.04000000000002,83,20,8.23,MG,1683563476
238,gloucester point,37.254,-76.4969,28.49000000000001,66,0,4.02,US,1683563476
239,howard springs,-12.497,131.047,24.950000000000045,59,47,4.91,AU,1683563477
240,alpena,45.0617,-83.4327,15.180000000000007,47,0,4.12,US,1683563353
241,kingston,17.997,-76.7936,31.80000000000001,65,20,9.26,JM,1683563478
242,mahalapye,-23.1041,26.8142,19.420000000000016,63,60,3.19,BW,1683563478
243,lagoa,39.05,-27.9833,15.79000000000002,85,100,5.36,PT,1683563479
244,al jawf,29.5,38.75,24.77000000000004,24,0,5.62,SA,1683563480
245,longyearbyen,78.2186,15.6401,-1.089999999999975,80,75,1.03,SJ,1683563480
246,romny,50.751,33.4747,9.370000000000005,55,100,4.63,UA,1683563236
247,akrehamn,59.2667,5.1833,14.439999999999998,51,0,6.17,NO,1683563481
248,al mayadin,35.0209,40.4535,25.970000000000027,23,2,3.06,SY,1683563483
249,cedral,23.8,-100.7333,26.03000000000003,33,92,1.56,MX,1683563483
250,skeldon,5.8833,-57.1333,26.560000000000002,78,99,2.13,GY,1683563484
251,lushun,38.8,121.2667,17.120000000000005,69,18,3.39,CN,1683563485
252,masaya sur,16.497,121.7456,23.28000000000003,94,100,1.41,PH,1683563486
253,zhengjiatun,43.5064,123.5064,11.100000000000023,19,0,3.27,CN,1683563486
254,oxapampa,-10.5775,-75.4017,17.53000000000003,91,99,1.02,PE,1683563487
255,ziway,7.9333,38.7167,22.650000000000034,58,20,5.73,ET,1683563487
256,jimma,7.6667,36.8333,16.939999999999998,94,66,1.02,ET,1683563488
257,gargalianoi,37.0667,21.6333,17.970000000000027,72,100,3.22,GR,1683563488
258,qamdo,31.1667,97.2333,3.6200000000000045,41,23,2.54,CN,1683563489
259,walvis bay,-22.9575,14.5053,16.53000000000003,77,20,3.6,NA,1683563489
260,timaru,-44.4,171.25,12.82000000000005,97,100,2.68,NZ,1683563490
261,yesilhisar,38.3497,35.0867,14.170000000000016,55,90,2.5,TR,1683563491
262,ternate,0.8,127.4,27.79000000000002,81,100,2.32,ID,1683563491
263,bata,1.8639,9.7658,27.910000000000025,77,43,3.22,GQ,1683563493
264,tommot,58.9564,126.2925,-8.509999999999991,99,74,1.27,RU,1683563493
265,pukchil-lodongjagu,40.2019,125.7483,9.740000000000009,66,56,0.39,KP,1683563495
266,geraldton,-28.7667,114.6,21.230000000000018,43,40,6.17,AU,1683563475
267,rongelap,11.1635,166.8941,27.170000000000016,82,97,8.06,MH,1683563496
268,severo-yeniseyskiy,60.3725,93.0408,12.480000000000018,58,70,5.67,RU,1683563496
269,hami,42.8,93.45,14.240000000000009,14,1,2.74,CN,1683563497
270,dalandzadgad,43.5708,104.425,12.800000000000011,51,100,3.88,MN,1683563497
271,rabigh,22.7986,39.0349,27.660000000000025,50,7,6.6,SA,1683563498
272,xilin hot,43.9667,116.0333,10.010000000000048,32,33,2.27,CN,1683563498
273,castillos,-34.1667,-53.8333,21.410000000000025,49,20,5.87,UY,1683563498
274,sao joao da barra,-21.6403,-41.0511,29.05000000000001,78,61,5.39,BR,1683563498
275,barreirinhas,-2.7469,-42.8264,32.80000000000001,50,48,2.44,BR,1683563499
276,puerto baquerizo moreno,-0.9,-89.6,27.55000000000001,89,40,3.09,EC,1683563499
277,newbiggin-by-the-sea,55.1853,-1.5147,16.379999999999995,90,75,2.57,GB,1683563499
278,mikuni,36.2171,136.1519,7.9500000000000455,80,77,3.83,JP,1683563499
279,east ballina,-28.8667,153.5833,8.78000000000003,52,0,4.28,AU,1683563500
280,quellon,-43.1167,-73.6167,9.140000000000043,81,100,0.0,CL,1683563500
281,al fashn,28.8243,30.8995,25.480000000000018,27,0,3.4,EG,1683563500
282,prabumulih,-3.45,104.25,24.04000000000002,98,100,0.49,ID,1683563500
283,bubaque,11.2833,-15.8333,26.610000000000014,77,100,5.29,GW,1683563501
284,port shepstone,-30.7414,30.455,18.30000000000001,87,100,2.62,ZA,1683563501
285,krasnyy yar,46.5331,48.3456,12.960000000000036,77,100,9.3,RU,1683563501
286,chamba,32.5667,76.1333,15.460000000000036,63,61,4.59,IN,1683563501
287,buka,40.8108,69.1986,19.02000000000004,39,1,1.56,UZ,1683563502
288,tailai,46.3833,123.4,10.100000000000023,19,0,5.46,CN,1683563502
289,gaiman,-43.2897,-65.4929,16.83000000000004,36,7,4.72,AR,1683563502
290,grand rapids,42.9634,-85.6681,16.510000000000048,72,100,4.12,US,1683563388
291,lubumbashi,-11.6609,27.4794,16.689999999999998,68,46,1.42,CD,1683563504
292,yashkino,55.8736,85.4265,14.740000000000009,43,27,3.11,RU,1683563505
293,konarka,19.9,86.1167,29.220000000000027,84,8,5.83,IN,1683563505
294,uacu cungo,-11.3634,15.1208,21.680000000000007,56,31,0.64,AO,1683563506
295,el calafate,-50.3408,-72.2768,6.580000000000041,55,65,0.59,AR,1683563506
296,mount isa,-20.7333,139.5,13.870000000000005,23,11,4.63,AU,1683563262
297,minas de marcona,-15.2119,-75.1103,20.660000000000025,61,23,6.46,PE,1683563507
298,lautoka,-17.6167,177.4667,20.920000000000016,100,20,2.57,FJ,1683563507
299,kone,-21.0595,164.8658,21.470000000000027,90,100,1.64,NC,1683563507
300,slantsy,59.1182,28.0914,8.990000000000009,54,30,0.97,RU,1683563508
301,minzhu,43.7286,127.3447,6.160000000000025,43,0,2.4,CN,1683563508
302,magong,23.5654,119.5863,23.150000000000034,76,72,14.14,TW,1683563509
303,praia da vitoria,38.7333,-27.0667,18.140000000000043,94,20,0.84,PT,1683563509
304,havre,49.5833,0.3333,17.220000000000027,77,100,2.57,FR,1683563509
305,vorgashor,67.5833,63.95,-10.129999999999995,97,91,2.19,RU,1683563510
306,gerash,27.6652,54.1371,32.08000000000004,14,8,2.1,IR,1683563510
307,el granada,37.5027,-122.4694,15.590000000000032,91,100,4.63,US,1683563362
308,aykhal,66.0,111.5,-5.399999999999977,95,100,5.63,RU,1683563510
309,saint-leu,-21.15,55.2833,25.480000000000018,95,94,0.61,RE,1683563510
310,suixi,33.8907,116.7747,12.460000000000036,58,32,1.85,CN,1683563511
311,harper,4.375,-7.7169,29.310000000000002,70,69,3.46,LR,1683563511
312,kittila,67.6647,24.8936,11.080000000000041,50,0,2.57,FI,1683563365
313,general acha,-37.377,-64.6043,18.450000000000045,36,0,4.49,AR,1683563512
314,banyo,6.75,11.8167,24.700000000000045,67,56,1.1,CM,1683563512
315,yaring,6.8662,101.3689,26.970000000000027,84,100,2.16,TH,1683563512
316,monahans,31.5943,-102.8926,28.28000000000003,40,0,0.88,US,1683563512
317,domingos martins,-20.3633,-40.6592,20.450000000000045,90,74,1.75,BR,1683563513
318,kenai,60.5544,-151.2583,2.8600000000000136,90,100,1.54,US,1683563513
319,vilyuchinsk,52.9306,158.4028,3.150000000000034,99,97,3.93,RU,1683563513
320,fort bragg,35.139,-79.006,26.78000000000003,59,100,4.63,US,1683563513
321,kill devil hills,36.0307,-75.676,24.010000000000048,66,0,3.09,US,1683563514
322,acajutla,13.5928,-89.8275,32.30000000000001,59,37,4.5,SV,1683563515
323,dizangue,3.7667,9.9833,31.640000000000043,85,97,2.74,CM,1683563515
324,tranqueras,-31.2,-55.75,22.420000000000016,38,0,3.2,UY,1683563515
325,hammerfest,70.6634,23.6821,0.25,100,75,0.51,NO,1683563515
326,wattegama,6.7989,81.4808,24.620000000000005,91,100,1.01,LK,1683563516
327,labytnangi,66.6572,66.4183,-9.629999999999995,82,99,5.41,RU,1683563516
328,mudhol,16.35,75.2833,29.710000000000036,54,88,4.0,IN,1683563516
329,al ghayzah,16.2079,52.176,28.660000000000025,57,1,3.4,YE,1683563516
330,wajir,1.7471,40.0573,30.980000000000018,58,20,1.03,KE,1683563517
331,nzega,-2.479,29.5564,14.590000000000032,90,81,1.15,RW,1683563517
332,bikenibeu village,1.3673,173.1241,28.210000000000036,81,100,5.49,KI,1683563517
333,oranjemund,-28.55,16.4333,14.120000000000005,88,1,5.71,NA,1683563517
334,tshabong,-26.05,22.45,21.470000000000027,27,0,3.18,BW,1683563517
335,broken hill,-31.95,141.4333,9.080000000000041,68,17,4.13,AU,1683563518
336,lukolela,-1.0605,17.1821,23.960000000000036,90,78,1.06,CD,1683563518
337,huangmei,30.1924,116.025,14.54000000000002,62,91,3.05,CN,1683563518
338,crane,31.3974,-102.3501,29.560000000000002,27,0,0.76,US,1683563519
339,al jahra',29.3375,47.6581,27.720000000000027,25,11,3.15,KW,1683563519
340,mbaiki,3.8678,17.9892,27.200000000000045,61,100,0.21,CF,1683563524
341,yanchep,-31.55,115.6833,20.07000000000005,37,36,7.58,AU,1683563524
342,el bauga,18.262,33.9081,32.870000000000005,10,0,5.94,SD,1683563525
343,forster,-32.1667,152.5167,12.430000000000007,58,98,2.68,AU,1683563526
344,yaren,-0.5472,166.916,28.460000000000036,76,98,2.94,NR,1683563526
345,coahuayana de hidalgo,18.7,-103.6583,33.43000000000001,43,1,2.84,MX,1683563527
346,masterton,-40.9597,175.6575,12.32000000000005,89,100,2.24,NZ,1683563528
347,ulsteinvik,62.3432,5.8487,15.5,75,100,1.71,NO,1683563529
348,suwayr,30.1171,40.3893,29.52000000000004,15,1,5.87,SA,1683563529
349,viedma,-40.8135,-62.9967,16.600000000000023,49,65,4.45,AR,1683563280
350,siguiri,11.6667,-9.5,32.53000000000003,43,80,6.47,GN,1683563530
351,saint-pierre,-21.3393,55.4781,25.82000000000005,69,100,4.63,RE,1683563531
352,turtas,58.9417,69.1325,4.720000000000027,44,74,4.18,RU,1683563532
353,manismata,-2.4667,111.0333,23.890000000000043,94,85,0.44,ID,1683563533
354,vila franca do campo,37.7167,-25.4333,18.230000000000018,87,99,2.22,PT,1683563533
355,arua,3.0201,30.9111,19.82000000000005,87,85,1.56,UG,1683563534
356,koumra,8.9126,17.5539,34.85000000000002,29,39,0.19,TD,1683563535
357,egilsstadir,65.2653,-14.3948,10.950000000000045,71,75,2.57,IS,1683563536
358,dawson creek,55.7666,-120.2362,9.800000000000011,62,20,0.0,CA,1683563536
359,bryne,58.7354,5.6477,15.689999999999998,46,75,9.77,NO,1683563536
360,island harbour,50.724,-1.2758,14.150000000000034,93,100,3.13,GB,1683563537
361,port blair,11.6667,92.75,29.620000000000005,73,100,2.43,IN,1683563538
362,uglegorsk,49.0833,142.0333,3.7900000000000205,74,89,2.25,RU,1683563538
363,port lincoln,-34.7333,135.8667,14.120000000000005,70,93,4.1,AU,1683563538
364,ugoofaaru,5.6667,73.0,28.879999999999995,75,6,5.43,MV,1683563539
365,kolwezi,-10.7148,25.4667,16.439999999999998,63,70,2.5,CD,1683563539
366,thirsk,54.233,-1.3441,15.510000000000048,88,100,5.14,GB,1683563540
367,cessnock,-32.8333,151.35,12.850000000000023,68,35,2.31,AU,1683563514
368,cannonvale,-20.2833,148.7,19.660000000000025,48,3,8.28,AU,1683563541
369,patnanungan,14.7833,122.1833,27.140000000000043,81,97,1.1,PH,1683563542
370,aywaille,50.4741,5.6768,20.28000000000003,90,99,2.45,BE,1683563543
371,ubari,26.5921,12.7805,34.29000000000002,8,100,5.62,LY,1683563543
372,manta,-0.95,-80.7333,30.879999999999995,66,40,2.57,EC,1683563450
373,barra de santo antonio,-9.4047,-35.5072,30.600000000000023,69,53,4.02,BR,1683563544
374,pandan,14.0453,124.1694,25.890000000000043,84,7,1.52,PH,1683563545
375,happy valley-goose bay,53.3168,-60.3315,4.170000000000016,60,100,7.2,CA,1683563546
376,codrington,-38.2667,141.9667,12.240000000000009,75,99,4.55,AU,1683563546
377,tabora,-5.0167,32.8,22.650000000000034,63,99,1.83,TZ,1683563546
378,ayapel,8.3137,-75.1398,34.170000000000016,55,58,0.99,CO,1683563547
379,natal,-5.795,-35.2094,31.360000000000014,62,40,5.66,BR,1683563547
380,general conesa,-40.1,-64.4333,17.100000000000023,38,0,4.02,AR,1683563548
381,oroqen zizhiqi,50.5667,123.7167,1.6899999999999977,44,4,2.74,CN,1683563548
382,wodonga,-36.1167,146.8833,10.710000000000036,95,48,1.48,AU,1683563549
383,port hedland,-20.3167,118.5667,22.03000000000003,46,7,4.63,AU,1683563550
384,namsos,64.4662,11.4957,14.950000000000045,31,0,2.57,NO,1683563552
385,saldanha,-33.0117,17.9442,17.03000000000003,85,58,4.12,ZA,1683563552
386,floro,61.5996,5.0328,14.04000000000002,66,75,3.09,NO,1683563553
387,lompoc,34.6391,-120.4579,16.03000000000003,74,20,6.71,US,1683563553
388,keyser,39.4409,-78.9739,26.260000000000048,54,50,0.89,US,1683563554
389,pariaman,-0.619,100.12,25.03000000000003,80,100,1.59,ID,1683563554
390,laguna,38.421,-121.4238,16.090000000000032,64,100,3.6,US,1683563555
391,fujin,47.26,132.0322,6.650000000000034,55,81,8.04,CN,1683563555
392,kirovskiy,45.0917,133.5136,5.890000000000043,72,57,2.31,RU,1683563556
393,pratt,37.6439,-98.7376,25.420000000000016,38,0,7.72,US,1683563556
394,mirabad,30.4362,61.8383,28.930000000000007,10,0,2.38,AF,1683563556
395,luderitz,-26.6481,15.1594,15.82000000000005,74,0,6.59,NA,1683563557
396,anadyr,64.75,177.4833,-3.7199999999999704,100,100,5.0,RU,1683563557
397,kargil,34.5667,76.1,-2.75,77,91,2.52,IN,1683563557
398,new plymouth,-39.0667,174.0833,16.420000000000016,100,100,7.35,NZ,1683563558
399,ambalavao,-21.8333,46.9333,15.970000000000027,96,24,1.89,MG,1683563558
400,san mariano,7.5,126.0,23.27000000000004,95,84,1.1,PH,1683563558
401,magadan,59.5667,150.8,-0.19999999999998863,93,32,2.41,RU,1683563558
402,rovaniemi,66.5,25.7167,12.670000000000016,47,0,5.14,FI,1683563559
403,akureyri,65.6835,-18.0878,9.960000000000036,76,75,5.14,IS,1683563559
404,taltal,-25.4,-70.4833,21.379999999999995,60,0,2.0,CL,1683563559
405,oriximina,-1.7656,-55.8661,32.60000000000002,52,72,2.13,BR,1683563445
406,berezovyy,51.6667,135.7,6.470000000000027,76,84,2.44,RU,1683563559
407,carletonville,-26.3609,27.3977,14.350000000000023,59,58,2.19,ZA,1683563560
408,haiku-pauwela,20.9219,-156.3051,23.360000000000014,66,0,4.02,US,1683563560
409,belyy yar,53.6039,91.3903,11.939999999999998,37,0,3.0,RU,1683563560
410,yeed,4.55,43.0333,31.02000000000004,43,75,4.18,SO,1683563560
411,klyuchi,52.2667,79.1667,20.30000000000001,21,26,3.78,RU,1683563561
412,lodja,-3.4833,23.4333,25.310000000000002,72,82,1.5,CD,1683563561
413,luganville,-15.5333,167.1667,25.08000000000004,87,7,1.31,VU,1683563561
414,cockburn town,21.4612,-71.1419,26.49000000000001,75,15,6.62,TC,1683563561
415,madisonville,37.3281,-87.4989,19.370000000000005,96,100,1.79,US,1683563562
416,barcelos,41.5388,-8.6151,23.840000000000032,73,94,3.58,PT,1683563562
417,makinsk,52.6292,70.4169,15.170000000000016,42,96,5.06,KZ,1683563562
418,tibiri,13.5627,7.0485,40.19,14,0,4.12,NE,1683563562
419,loikaw,19.6742,97.2094,22.04000000000002,83,100,1.58,MM,1683563562
420,dzhalagash,45.0833,64.6667,23.430000000000007,12,1,3.01,KZ,1683563563
421,angol,-37.8,-72.7167,18.03000000000003,37,100,2.01,CL,1683563563
422,francistown,-21.17,27.5079,22.29000000000002,40,7,5.92,BW,1683563563
423,katabu,-4.9333,122.5167,24.340000000000032,98,100,2.17,ID,1683563563
424,zaozersk,69.4005,32.4476,1.1899999999999977,86,98,5.29,RU,1683563564
425,lospalos,-8.5186,127.0025,22.590000000000032,96,72,2.81,TL,1683563564
426,kununurra,-15.7667,128.7333,22.99000000000001,38,29,4.63,AU,1683563564
427,riberalta,-10.9833,-66.1,27.110000000000014,78,75,4.63,BO,1683563565
428,kiunga,-6.1219,141.2906,23.52000000000004,100,100,0.25,PG,1683563565
429,i-n-salah,27.1935,2.4607,38.400000000000034,7,43,7.05,DZ,1683563565
430,malagon,39.2139,-4.0005,28.189999999999998,20,94,4.06,ES,1683563565
431,kencong,-8.2833,113.3667,24.83000000000004,93,100,0.97,ID,1683563566
432,manjhanpur,25.5333,81.3833,33.84000000000003,26,6,2.92,IN,1683563566
433,kawambwa,-9.7915,29.0791,17.460000000000036,63,0,1.56,ZM,1683563566
434,grand falls-windsor,48.9332,-55.6649,5.28000000000003,91,100,0.89,CA,1683563566
435,muscat,23.6139,58.5922,33.01000000000005,44,0,4.24,OM,1683563566
436,parnarama,-5.6817,-43.0933,34.53000000000003,36,23,1.44,BR,1683563567
437,selebi-phikwe,-21.979,27.8498,20.840000000000032,50,11,3.93,BW,1683563567
438,trelew,-43.249,-65.3051,16.860000000000014,33,7,4.54,AR,1683563567
439,ialoveni,46.9431,28.7778,10.160000000000025,76,40,5.14,MD,1683563567
440,tadine,-21.55,167.8833,23.480000000000018,77,88,5.17,NC,1683563567
441,al bayda',32.7627,21.7551,16.150000000000034,53,69,4.33,LY,1683563568
442,akdepe,42.0551,59.3788,23.05000000000001,24,100,5.06,TM,1683563568
443,ta`u,-14.2336,-169.5144,27.49000000000001,79,20,6.55,AS,1683563568
444,rabo de peixe,37.8,-25.5833,17.730000000000018,88,75,3.6,PT,1683563568
445,anar darah,32.7587,61.654,24.760000000000048,13,0,2.96,AF,1683563569
446,deschutes river woods,43.9915,-121.3584,7.110000000000014,83,40,0.45,US,1683563569
447,balqash,46.8481,74.995,18.49000000000001,36,5,3.44,KZ,1683563569
448,jimenez,28.3333,-105.4,28.879999999999995,7,0,3.77,MX,1683563569
449,vilyuysk,63.7553,121.6247,-14.079999999999984,97,17,1.06,RU,1683563570
450,siwa oasis,29.2041,25.5195,26.590000000000032,23,0,1.95,EG,1683563570
451,gobabis,-22.45,18.9667,23.07000000000005,18,0,3.9,NA,1683563570
452,arno,60.1167,18.6333,6.550000000000011,47,12,4.89,SE,1683563570
453,tagiura,32.8817,13.3506,21.629999999999995,63,94,15.06,LY,1683563571
454,touros,-5.1989,-35.4608,29.79000000000002,63,62,6.55,BR,1683563571
455,idri,27.5,13.2667,34.410000000000025,9,100,5.11,LY,1683563571
456,tadmur,34.5608,38.2805,22.960000000000036,32,2,3.37,SY,1683563571
457,uturoa,-16.7333,-151.4333,27.410000000000025,75,51,3.27,PF,1683563572
458,dryden,49.7833,-92.7503,10.160000000000025,66,100,5.14,CA,1683563572
459,alice springs,-23.7,133.8833,2.75,60,0,6.88,AU,1683563478
460,peterhead,57.5058,-1.7981,15.25,99,100,5.12,GB,1683563572
461,idiroko,6.6333,2.7333,30.930000000000007,64,30,4.21,NG,1683563572
462,lensk,60.7253,114.9278,0.12999999999999545,96,100,1.37,RU,1683563573
463,ouallam,14.3188,2.0866,41.24000000000001,11,33,0.34,NE,1683563573
464,khonsa,27.0167,95.5667,17.83000000000004,67,0,1.96,IN,1683563573
465,bengkulu,-3.8004,102.2655,24.79000000000002,90,100,4.85,ID,1683563574
466,cill airne,52.05,-9.5167,16.03000000000003,82,20,6.17,IE,1683563575
467,gamba,-2.65,10.0,26.77000000000004,86,100,3.09,GA,1683563575
468,levuka,50.1834,-105.4011,11.900000000000034,87,75,5.14,CA,1683563575
469,cadale,2.7603,46.3222,27.450000000000045,80,4,8.83,SO,1683563576
470,bamboo flat,11.7,92.7167,29.629999999999995,73,100,2.3,IN,1683563576
471,yenisehir,40.2644,29.6531,18.03000000000003,59,0,4.63,TR,1683563576
472,severobaykal'sk,55.65,109.3167,0.17000000000001592,88,20,2.06,RU,1683563577
473,sao felix do xingu,-6.6447,-51.995,30.460000000000036,62,10,1.46,BR,1683563577
474,rikaze,29.25,88.8833,8.840000000000032,30,33,2.73,CN,1683563577
475,maturin,9.75,-63.1767,32.910000000000025,58,100,5.14,VE,1683563578
476,gryazovets,58.88,40.2525,4.550000000000011,74,45,2.58,RU,1683563578
477,kanggye,40.9695,126.5852,9.189999999999998,73,5,1.08,KP,1683563578
478,moanda,-1.5575,13.2178,24.55000000000001,92,100,1.24,GA,1683563578
479,tidjikja,18.5564,-11.4271,38.59000000000003,7,99,1.89,MR,1683563579
480,karasburg,-28.0167,18.75,19.910000000000025,18,0,3.7,NA,1683563579
481,ulyanovsk,54.0,48.0,5.390000000000043,55,54,2.28,RU,1683563579
482,nikolayevsk-on-amure,53.1406,140.73,0.6100000000000136,87,70,1.86,RU,1683563580
483,yanam,16.7333,82.2167,28.220000000000027,85,38,1.77,IN,1683563580
484,tres palos,18.1833,-101.6167,35.450000000000045,23,2,2.03,MX,1683563580
485,ixtapa,20.7,-105.2,26.57000000000005,78,20,2.06,MX,1683563580
486,fort mcmurray,56.7268,-111.381,16.77000000000004,44,0,3.6,CA,1683563581
487,port macquarie,-31.4333,152.9167,9.939999999999998,51,83,6.39,AU,1683563581
488,lubsko,51.7847,14.972,16.060000000000002,47,7,5.8,PL,1683563581
489,berriane,32.8265,3.7669,28.470000000000027,19,0,11.06,DZ,1683563581
490,escanaba,45.7453,-87.0646,17.510000000000048,63,0,3.6,US,1683563391
491,khorixas,-20.3667,14.9667,27.350000000000023,19,0,5.34,NA,1683563583
492,salinopolis,-0.6136,-47.3561,29.710000000000036,67,88,4.11,BR,1683563584
493,langsa,4.4683,97.9683,24.090000000000032,96,99,0.8,ID,1683563585
494,charlotte amalie,18.3419,-64.9307,30.82000000000005,66,0,5.66,VI,1683563585
495,port moresby,-9.4431,147.1797,25.680000000000007,94,75,1.54,PG,1683563586
496,tumpat,6.1978,102.171,26.99000000000001,83,20,2.06,MY,1683563586
497,hit,33.6416,42.8251,29.30000000000001,19,0,3.33,IQ,1683563587
498,zambezi,-13.5432,23.1047,19.49000000000001,40,83,1.78,ZM,1683563587
499,santa marta,11.2408,-74.199,33.27000000000004,66,20,2.57,CO,1683563476
500,mishan,45.55,131.8833,6.3799999999999955,48,22,3.11,CN,1683563588
501,cunha,-23.0744,-44.9597,26.410000000000025,57,4,0.59,BR,1683563588
502,san matias,-16.3667,-58.4,29.730000000000018,66,100,0.77,BO,1683563588
503,yuzhno-kurilsk,44.0306,145.8556,1.9700000000000273,89,96,6.93,RU,1683563589
504,al burayqah,30.4062,19.5739,24.33000000000004,44,93,3.0,LY,1683563590
505,sedhiou,12.7081,-15.5569,39.89000000000004,15,100,1.69,SN,1683563590
506,kathu,7.9178,98.3332,27.900000000000034,78,97,1.42,TH,1683563591
507,bayanhongor,46.7167,100.1167,0.08000000000004093,98,100,1.05,MN,1683563592
508,shurugwi,-19.6702,30.0059,15.220000000000027,51,0,2.31,ZW,1683563592
509,pires do rio,-17.2997,-48.2794,28.129999999999995,39,28,1.69,BR,1683563592
510,eydhafushi,5.1033,73.0708,28.82000000000005,76,2,5.24,MV,1683563593
511,guiuan,11.0333,125.7247,28.27000000000004,73,14,2.02,PH,1683563593
512,ostroda,53.6967,19.9649,12.400000000000034,57,46,1.71,PL,1683563594
513,bandarbeyla,9.4942,50.8122,27.83000000000004,80,100,2.89,SO,1683563594
514,piti village,13.4626,144.6933,27.49000000000001,84,0,2.06,GU,1683563594
515,luwuk,-0.9516,122.7875,25.760000000000048,88,93,1.64,ID,1683563595
516,christchurch,-43.5333,172.6333,17.960000000000036,67,100,5.66,NZ,1683563382
517,khandyga,62.6667,135.6,-4.479999999999961,76,99,1.74,RU,1683563596
518,saguenay,48.4168,-71.0657,12.270000000000039,28,75,18.01,CA,1683563596
519,ad dilam,23.9915,47.1627,38.23000000000002,12,7,5.96,SA,1683563597
520,illizi,26.4833,8.4667,38.89000000000004,8,100,10.52,DZ,1683563597
521,saint-philippe,-21.3585,55.7679,25.77000000000004,79,100,4.76,RE,1683563598
522,esquel,-42.9,-71.3167,10.75,36,88,2.49,AR,1683563454
523,ketchikan,55.3422,-131.6461,8.260000000000048,76,40,0.0,US,1683563493
524,volovets,48.7109,23.1851,3.82000000000005,90,90,3.37,UA,1683563599
525,basco,20.4487,121.9702,25.970000000000027,76,91,7.55,PH,1683563600
526,nova vicosa,-17.8919,-39.3719,27.33000000000004,69,21,3.76,BR,1683563600
527,athlone,53.4333,-7.95,15.400000000000034,87,90,4.67,IE,1683563601
528,zanjan,36.6736,48.4787,16.480000000000018,27,2,3.56,IR,1683563601
529,inhambane,-23.865,35.3833,22.379999999999995,81,46,2.16,MZ,1683563602
530,ciudad lazaro cardenas,17.9583,-102.2,30.689999999999998,51,1,1.71,MX,1683563372
531,carauari,-4.8828,-66.8958,29.200000000000045,76,41,1.23,BR,1683563603
532,sierra grande,-41.606,-65.3557,16.05000000000001,40,3,4.47,AR,1683563603
533,tuy hoa,13.0833,109.3,26.410000000000025,91,100,2.3,VN,1683563604
534,xinyuan,37.3,99.0,0.29000000000002046,75,87,1.45,CN,1683563604
535,kintampo,8.0563,-1.7306,36.650000000000034,28,87,3.14,GH,1683563605
536,nikol'sk,53.7189,46.0712,4.090000000000032,63,60,2.53,RU,1683563605
537,isla mujeres,21.2311,-86.731,30.090000000000032,71,66,5.29,MX,1683563606
538,vuktyl,63.8567,57.3094,-3.519999999999982,95,89,2.54,RU,1683563606
539,formosa,-26.1775,-58.1781,21.650000000000034,70,75,1.54,AR,1683563607
540,timbuktu,16.7735,-3.0074,39.200000000000045,17,88,5.72,ML,1683563607
541,iwatsuki,35.9428,139.6919,14.379999999999995,63,100,2.26,JP,1683563607
542,thayetmyo,19.3167,95.1833,32.18000000000001,50,77,1.72,MM,1683563608
543,kiwira,-9.1667,33.5333,15.910000000000025,98,85,1.11,TZ,1683563609
544,ambon,-3.6954,128.1814,29.970000000000027,87,75,1.54,ID,1683563610
545,al khafji,28.4391,48.4913,26.28000000000003,61,82,3.65,SA,1683563610
546,salalah,17.0151,54.0924,29.05000000000001,74,0,2.06,OM,1683563611
547,misliyah,17.4599,42.5572,30.629999999999995,60,14,3.35,SA,1683563611
548,klaksvik,62.2266,-6.589,10.510000000000048,99,99,6.36,FO,1683563612
549,qulsary,46.9531,54.0198,22.720000000000027,30,88,6.43,KZ,1683563613
550,merizo village,13.2658,144.6691,27.310000000000002,90,20,5.05,GU,1683563613
551,nadi,-17.8,177.4167,21.0,100,20,2.57,FJ,1683563614
552,sukagawa,37.2833,140.3833,4.360000000000014,98,46,1.45,JP,1683563614
553,gaalkacyo,6.7697,47.4308,29.640000000000043,52,58,4.4,SO,1683563615
554,irymple,-34.25,142.1667,6.720000000000027,84,57,4.54,AU,1683563615
555,guymon,36.6828,-101.4816,22.0,46,0,8.75,US,1683563615
556,bei'an,24.5399,109.533,17.090000000000032,90,100,1.83,CN,1683563616
557,arcen,51.4767,6.1806,21.27000000000004,71,0,3.09,NL,1683563616
558,raja,8.4596,25.678,28.379999999999995,51,43,3.48,SS,1683563616
559,sao gabriel da cachoeira,-0.1303,-67.0892,27.890000000000043,94,75,2.57,BR,1683563617
560,formosa do rio preto,-11.0483,-45.1931,34.81,27,9,2.25,BR,1683563617
561,karakulino,56.012,53.7067,4.53000000000003,55,69,2.45,RU,1683563617
562,saint-joseph,-21.3667,55.6167,25.210000000000036,79,99,4.76,RE,1683563617
563,kundarkhi,28.7,78.7833,26.27000000000004,34,7,2.56,IN,1683563618
564,gazojak,41.1875,61.4036,25.200000000000045,18,29,4.12,TM,1683563618
565,santa terezinha,-29.9002,-50.0904,21.560000000000002,72,74,6.03,BR,1683563618
566,faaa,-17.55,-149.6,24.980000000000018,88,75,2.57,PF,1683563618
567,burgas,42.5061,27.4678,14.060000000000002,82,40,8.23,BG,1683563475
568,kuanda,56.3161,116.0806,1.9800000000000182,99,100,0.65,RU,1683563619
569,grand-bourg,15.8835,-61.3148,31.110000000000014,77,95,6.38,GP,1683563619
570,mariental,-24.6333,17.9667,23.640000000000043,22,0,1.83,NA,1683563619
571,pagar alam,-4.0167,103.2667,20.33000000000004,95,98,1.45,ID,1683563619
572,chipinge,-20.1883,32.6236,15.200000000000045,67,0,2.57,ZW,1683563620
573,ellensburg,46.9965,-120.5479,14.650000000000034,66,0,0.45,US,1683563620
574,el sauzal de rodriguez,31.9,-116.6833,17.450000000000045,72,0,4.27,MX,1683563620
